employee_id,department,job_level,location,employment_type,fte_percentage,tenure_years,time_in_current_role_years,performance_rating,engagement_score,base_salary_monthly,bonus_target_pct,turnover_risk_score,languages,technologies,training_hours_ytd,manager_id,hire_date,last_promotion_date
EMP-10001,Finance,L2,Москва,Полная занятость,1.0,10.5,2.6,3.53,4.77,236988,0.25,0.184,['JavaScript'],"['Node.js', 'Cloud']",19,EMP-10023,2015-10-16,2017-02-26
EMP-10002,Finance,L2,Москва,Полная занятость,1.0,2.6,1.1,2.31,4.71,204858,0.25,0.147,['Scala'],"['PostgreSQL', 'DevOps']",15,EMP-10051,2023-09-19,2024-03-25
EMP-10003,Finance,L3,Екатеринбург,Полная занятость,1.0,0.7,0.1,3.3,3.89,183804,0.2,0.185,"['Go', 'Python']","['Spark', 'FastAPI', 'ML', 'Node.js']",12,EMP-10088,2025-08-31,2025-08-31
EMP-10004,IT,L3,СПб,Контракт,0.75,0.7,0.7,3.78,3.84,147021,0.15,0.213,['C#'],"['Cloud', 'Docker']",23,EMP-10155,2025-08-08,2025-08-08
EMP-10005,IT,L2,Москва,Полная занятость,1.0,2.7,0.3,2.36,4.47,192418,0.25,0.218,"['C#', 'SQL', 'Go']","['TensorFlow', 'React']",26,EMP-10093,2023-08-01,2026-01-04
EMP-10006,Marketing,L2,Москва,Полная занятость,1.0,0.2,0.2,2.91,4.1,164144,0.2,0.197,['SQL'],"['TensorFlow', 'Data Engineering', 'Cloud']",33,EMP-10072,2026-02-02,2026-02-02
EMP-10007,Sales,L3,Удаленно,Полная занятость,1.0,2.0,0.1,3.81,3.78,269141,0.1,0.155,"['Go', 'SQL']","['PostgreSQL', 'React']",15,EMP-10137,2024-05-14,2024-07-15
EMP-10008,Finance,L2,СПб,Полная занятость,1.0,0.6,0.6,3.75,3.95,143667,0.1,0.268,"['Scala', 'Java']","['React', 'Docker', 'Spark', 'DevOps']",16,EMP-10009,2025-09-14,2025-09-14
EMP-10009,HR,L4,Казань,Полная занятость,1.0,6.9,0.0,2.61,3.81,404567,0.2,0.177,['TypeScript'],"['Data Engineering', 'React', 'Airflow', 'Kubernetes']",34,EMP-10037,2019-06-04,2020-06-29
EMP-10010,IT,L3,СПб,Полная занятость,1.0,1.3,0.7,1.81,3.79,234876,0.25,0.245,"['R', 'C#', 'Scala']","['Docker', 'Data Engineering', 'ML']",18,EMP-10127,2025-01-24,2025-02-13
EMP-10011,IT,L2,Москва,Частичная,0.5,4.6,0.9,2.25,3.36,110072,0.2,0.154,"['C#', 'SQL', 'R']","['Kubernetes', 'PostgreSQL']",21,EMP-10136,2021-10-05,2023-04-05
EMP-10012,IT,L3,Екатеринбург,Частичная,0.5,0.9,0.9,1.62,3.47,94338,0.15,0.225,"['SQL', 'Scala', 'Go']","['Spark', 'React', 'Docker', 'Cloud']",20,EMP-10112,2025-06-02,2025-09-14
EMP-10013,IT,L3,Москва,Контракт,0.75,1.0,0.2,2.97,4.19,191508,0.25,0.249,"['Scala', 'SQL', 'Go']","['TensorFlow', 'React']",25,EMP-10156,2025-05-08,2025-05-08
EMP-10014,IT,L2,Удаленно,Частичная,0.5,8.0,1.9,4.27,4.93,92227,0.15,0.149,"['Rust', 'Python', 'SQL']","['FastAPI', 'Docker', 'Spark']",28,EMP-10062,2018-04-25,2018-04-30
EMP-10015,IT,L2,Екатеринбург,Контракт,0.5,4.8,2.1,2.56,3.41,77787,0.25,0.161,"['SQL', 'Scala', 'JavaScript']","['ML', 'React', 'Airflow']",30,EMP-10043,2021-07-08,2024-05-08
EMP-10016,IT,L4,Екатеринбург,Полная занятость,1.0,2.4,1.7,4.48,3.31,291642,0.15,0.168,['Java'],"['Node.js', 'Security', 'Kubernetes', 'React']",24,EMP-10113,2023-11-16,2024-11-21
EMP-10017,Operations,L6,Казань,Полная занятость,1.0,6.7,0.7,2.37,4.0,697318,0.25,0.172,['TypeScript'],"['DevOps', 'PostgreSQL']",16,EMP-10059,2019-08-12,2020-05-04
EMP-10018,Finance,L5,Москва,Полная занятость,1.0,4.7,2.4,3.33,4.18,696042,0.0,0.344,"['Java', 'SQL', 'Python']","['TensorFlow', 'Docker']",30,EMP-10132,2021-08-06,2023-05-31
EMP-10019,IT,L5,Казань,Полная занятость,1.0,1.4,0.9,3.01,4.28,393438,0.2,0.159,['R'],"['PostgreSQL', 'Airflow', 'Data Engineering', 'TensorFlow']",21,EMP-10049,2024-11-16,2025-01-09
EMP-10020,IT,L4,Казань,Полная занятость,1.0,0.9,0.9,4.1,2.79,248415,0.15,0.226,"['Python', 'SQL']","['DevOps', 'Kubernetes', 'Node.js']",25,EMP-10028,2025-06-20,2025-08-07
EMP-10021,IT,L1,СПб,Полная занятость,1.0,11.5,3.6,2.76,4.87,129613,0.0,0.182,['JavaScript'],"['Security', 'Airflow', 'Data Engineering']",27,,2014-10-27,2016-08-08
EMP-10022,Sales,L3,Екатеринбург,Полная занятость,1.0,1.0,0.9,3.11,2.12,175400,0.1,0.202,"['Python', 'SQL', 'Java']","['ML', 'Kubernetes', 'Airflow', 'Spark']",13,EMP-10103,2025-04-28,2025-04-28
EMP-10023,Operations,L3,СПб,Полная занятость,1.0,0.2,0.2,4.1,4.01,209902,0.25,0.189,"['Rust', 'Go']","['Kubernetes', 'Node.js', 'TensorFlow']",29,EMP-10170,2026-02-26,2026-02-26
EMP-10024,Finance,L2,СПб,Полная занятость,1.0,3.6,1.2,2.82,4.05,192112,0.0,0.142,['R'],"['Node.js', 'dbt']",24,EMP-10192,2022-09-18,2023-11-23
EMP-10025,Sales,L4,Москва,Полная занятость,1.0,1.2,0.3,3.76,3.44,388702,0.0,0.212,"['JavaScript', 'Python', 'SQL']","['TensorFlow', 'ML', 'Cloud', 'PostgreSQL']",23,EMP-10173,2025-02-28,2025-02-28
EMP-10026,Operations,L2,Казань,Полная занятость,1.0,9.3,3.9,3.33,4.62,187610,0.25,0.152,"['R', 'Python', 'SQL']","['Kubernetes', 'React']",18,EMP-10145,2016-12-23,2017-10-25
EMP-10027,Marketing,L5,Удаленно,Полная занятость,1.0,0.3,0.3,3.01,3.35,465997,0.15,0.179,"['Java', 'Go', 'C#']","['ML', 'React', 'TensorFlow']",29,EMP-10118,2025-12-25,2025-12-25
EMP-10028,Sales,L1,Москва,Полная занятость,1.0,2.4,0.1,4.13,4.13,117479,0.0,0.136,"['SQL', 'R', 'Java']","['dbt', 'Security', 'ML', 'Docker']",15,,2023-12-07,2025-02-15
EMP-10029,Operations,L1,Удаленно,Полная занятость,1.0,6.0,2.4,3.93,3.5,126415,0.0,0.137,"['Go', 'Scala']","['DevOps', 'React', 'dbt', 'Security']",28,,2020-04-14,2020-05-30
EMP-10030,Operations,L1,СПб,Полная занятость,1.0,2.4,0.0,4.36,3.84,121015,0.1,0.163,['Scala'],"['ML', 'Security', 'TensorFlow', 'PostgreSQL']",10,,2023-12-12,2024-11-22
EMP-10031,Finance,L6,СПб,Полная занятость,1.0,2.6,2.0,4.73,5.0,770437,0.2,0.129,"['Rust', 'Go']","['FastAPI', 'TensorFlow', 'DevOps', 'Cloud']",18,EMP-10071,2023-09-24,2025-07-06
EMP-10032,IT,L3,Удаленно,Частичная,0.75,0.3,0.3,2.27,3.41,135248,0.0,0.256,['Rust'],"['dbt', 'Node.js', 'Kubernetes', 'FastAPI']",20,EMP-10029,2026-01-13,2026-01-13
EMP-10033,IT,L2,СПб,Полная занятость,1.0,5.8,5.8,4.25,4.58,203874,0.15,0.136,"['Scala', 'JavaScript']","['Kubernetes', 'ML', 'DevOps', 'Security']",21,EMP-10011,2020-07-01,2020-09-28
EMP-10034,Operations,L1,СПб,Полная занятость,1.0,10.8,1.9,3.97,4.6,165506,0.1,0.15,"['TypeScript', 'Scala', 'C#']","['PostgreSQL', 'Node.js']",26,,2015-07-19,2015-12-08
EMP-10035,Operations,L3,СПб,Частичная,0.5,7.3,1.0,3.64,4.65,148335,0.1,0.129,"['JavaScript', 'TypeScript']","['Spark', 'Kubernetes']",27,EMP-10069,2018-12-31,2019-03-19
EMP-10036,IT,L2,Москва,Полная занятость,1.0,2.5,2.5,4.77,3.87,208821,0.15,0.144,['Java'],"['Data Engineering', 'TensorFlow', 'Airflow']",18,EMP-10079,2023-10-18,2024-07-20
EMP-10037,HR,L1,СПб,Полная занятость,1.0,0.5,0.3,3.91,3.32,91974,0.15,0.319,"['C#', 'TypeScript', 'Go']","['TensorFlow', 'Cloud']",12,,2025-11-02,2026-01-22
EMP-10038,Sales,L1,Екатеринбург,Полная занятость,1.0,0.4,0.4,1.66,3.92,80543,0.0,0.262,"['Python', 'SQL', 'Go']","['ML', 'PostgreSQL', 'Security']",34,,2025-11-13,2026-03-19
EMP-10039,IT,L4,Казань,Полная занятость,1.0,0.7,0.5,4.53,4.65,237968,0.1,0.253,"['R', 'Scala']","['Cloud', 'Kubernetes', 'PostgreSQL']",24,EMP-10066,2025-08-09,2026-04-19
EMP-10040,IT,L3,Казань,Полная занятость,1.0,2.7,0.6,4.11,3.31,234630,0.15,0.154,"['Java', 'TypeScript', 'C#']","['Cloud', 'React', 'Docker', 'PostgreSQL']",20,EMP-10170,2023-08-29,2024-02-16
EMP-10041,Operations,L3,Удаленно,Полная занятость,1.0,3.1,2.7,4.27,3.14,285759,0.2,0.1,"['TypeScript', 'C#', 'Go']","['dbt', 'ML', 'Data Engineering']",15,EMP-10171,2023-03-24,2024-01-27
EMP-10042,Operations,L2,СПб,Полная занятость,1.0,0.7,0.7,2.92,3.44,152997,0.2,0.245,"['Scala', 'Python']","['Security', 'FastAPI', 'Data Engineering']",20,EMP-10149,2025-08-06,2025-11-18
EMP-10043,Finance,L3,Удаленно,Полная занятость,1.0,3.0,0.7,4.27,2.91,257940,0.1,0.155,"['Java', 'Scala']","['Airflow', 'Spark', 'TensorFlow', 'Node.js']",17,EMP-10169,2023-05-10,2025-07-21
EMP-10044,IT,L3,Екатеринбург,Полная занятость,1.0,2.7,0.1,2.8,3.58,224000,0.1,0.196,"['SQL', 'Java', 'Go']","['Data Engineering', 'Spark', 'FastAPI']",14,EMP-10007,2023-08-29,2024-04-09
EMP-10045,IT,L5,Казань,Полная занятость,1.0,6.2,6.2,2.49,3.81,512186,0.1,0.148,['C#'],"['FastAPI', 'React', 'PostgreSQL']",24,EMP-10184,2020-02-09,2020-04-21
EMP-10046,Finance,L4,Казань,Полная занятость,1.0,3.8,1.5,2.23,3.68,270794,0.2,0.139,['Python'],"['FastAPI', 'Spark', 'TensorFlow', 'Cloud']",11,EMP-10057,2022-06-29,2023-02-27
EMP-10047,IT,L5,Екатеринбург,Полная занятость,1.0,1.7,1.6,4.69,4.53,444962,0.25,0.172,"['SQL', 'Rust', 'JavaScript']","['Spark', 'Airflow']",19,EMP-10144,2024-08-16,2024-08-16
EMP-10048,Finance,L2,Казань,Полная занятость,1.0,1.0,1.0,3.32,4.08,123946,0.2,0.277,"['C#', 'Scala', 'Rust']","['FastAPI', 'ML', 'Node.js', 'Airflow']",20,EMP-10067,2025-04-27,2025-05-15
EMP-10049,HR,L3,Удаленно,Частичная,0.75,4.1,1.6,4.9,4.72,247045,0.1,0.142,"['Go', 'Rust', 'SQL']","['Node.js', 'Security']",32,EMP-10070,2022-03-06,2022-08-11
EMP-10050,Sales,L5,Екатеринбург,Полная занятость,1.0,4.3,0.3,2.61,3.62,499727,0.1,0.163,['C#'],"['Node.js', 'ML']",39,EMP-10017,2022-01-08,2023-04-23
EMP-10051,Sales,L2,Удаленно,Полная занятость,1.0,0.2,0.2,4.54,2.99,145137,0.25,0.205,"['Java', 'C#']","['Kubernetes', 'Spark']",12,EMP-10179,2026-02-14,2026-02-14
EMP-10052,IT,L3,Екатеринбург,Полная занятость,1.0,0.5,0.4,3.51,4.28,177126,0.25,0.182,['Go'],"['Spark', 'Kubernetes', 'TensorFlow']",30,EMP-10192,2025-10-15,2025-10-15
EMP-10053,HR,L6,Екатеринбург,Частичная,0.75,2.4,1.8,3.16,3.82,434849,0.15,0.246,['C#'],"['Airflow', 'DevOps', 'Kubernetes']",10,EMP-10172,2023-11-17,2023-12-25
EMP-10054,Finance,L3,Казань,Полная занятость,1.0,0.6,0.4,4.1,3.47,176506,0.25,0.207,"['R', 'Scala']","['DevOps', 'Kubernetes']",15,EMP-10145,2025-09-23,2025-09-23
EMP-10055,Finance,L2,Москва,Полная занятость,1.0,0.9,0.9,3.98,4.17,169222,0.15,0.196,['JavaScript'],"['DevOps', 'Security', 'Kubernetes']",19,EMP-10055,2025-05-26,2025-06-05
EMP-10056,Sales,L2,Удаленно,Частичная,0.75,3.9,0.5,3.35,3.21,131149,0.25,0.117,"['Go', 'SQL']","['Airflow', 'DevOps', 'Node.js']",23,EMP-10014,2022-06-18,2022-12-24
EMP-10057,Legal,L3,Удаленно,Полная занятость,1.0,2.8,1.1,2.77,4.12,260125,0.0,0.187,['Python'],"['Spark', 'DevOps', 'Data Engineering', 'FastAPI']",37,EMP-10160,2023-07-06,2024-01-12
EMP-10058,IT,L2,СПб,Полная занятость,1.0,0.5,0.5,4.29,3.47,157337,0.1,0.158,['Java'],"['Airflow', 'Node.js', 'Security', 'Docker']",20,EMP-10156,2025-10-17,2025-10-17
EMP-10059,Finance,L1,Москва,Частичная,0.5,0.5,0.5,2.52,4.46,60000,0.25,0.223,"['R', 'Python']","['FastAPI', 'Security']",18,,2025-10-20,2025-10-20
EMP-10060,Finance,L3,Казань,Полная занятость,1.0,1.0,1.0,4.42,4.48,180830,0.15,0.313,"['SQL', 'Java', 'R']","['Node.js', 'Spark']",34,EMP-10176,2025-05-02,2025-11-04
EMP-10061,Finance,L1,Москва,Частичная,0.5,2.4,1.8,2.11,4.87,60938,0.0,0.111,"['C#', 'TypeScript']","['Cloud', 'dbt', 'React', 'Docker']",16,,2023-12-02,2024-07-11
EMP-10062,Operations,L1,Казань,Полная занятость,1.0,8.7,0.3,3.98,3.17,116145,0.15,0.242,"['Rust', 'JavaScript']","['Kubernetes', 'ML', 'Node.js', 'dbt']",21,,2017-08-07,2022-02-04
EMP-10063,Finance,L3,Екатеринбург,Частичная,0.75,0.9,0.9,3.51,4.01,133936,0.15,0.268,"['R', 'Go']","['Docker', 'TensorFlow', 'Data Engineering', 'Cloud']",24,EMP-10116,2025-06-11,2025-06-11
EMP-10064,IT,L4,Казань,Полная занятость,1.0,1.3,1.3,3.83,3.73,304678,0.2,0.174,"['TypeScript', 'Python', 'Rust']","['TensorFlow', 'Docker', 'ML']",27,EMP-10055,2024-12-22,2025-01-11
EMP-10065,Sales,L4,Удаленно,Полная занятость,1.0,1.3,1.3,1.61,4.49,307361,0.2,0.315,"['Go', 'Scala', 'Python']","['dbt', 'Data Engineering', 'Cloud', 'TensorFlow']",25,EMP-10126,2024-12-22,2024-12-22
EMP-10066,Marketing,L6,СПб,Полная занятость,1.0,5.1,1.1,4.04,3.75,821425,0.1,0.121,"['Rust', 'R', 'Python']","['Cloud', 'Security', 'Data Engineering', 'Kubernetes']",8,EMP-10079,2021-03-16,2022-01-09
EMP-10067,Finance,L3,Удаленно,Полная занятость,1.0,0.9,0.9,1.69,3.78,203738,0.15,0.37,"['C#', 'Scala', 'TypeScript']","['Docker', 'Node.js', 'Airflow']",16,EMP-10079,2025-06-16,2025-06-16
EMP-10068,IT,L2,Москва,Полная занятость,1.0,0.9,0.4,2.37,3.59,166325,0.2,0.259,"['Scala', 'JavaScript']","['Data Engineering', 'FastAPI']",29,EMP-10071,2025-06-12,2025-06-12
EMP-10069,Finance,L3,Екатеринбург,Полная занятость,1.0,0.3,0.3,3.8,4.08,167737,0.1,0.184,['Go'],"['Data Engineering', 'Docker']",25,EMP-10078,2025-12-25,2025-12-25
EMP-10070,IT,L3,Екатеринбург,Полная занятость,1.0,0.3,0.3,2.67,4.55,170121,0.1,0.281,['Scala'],"['Security', 'Node.js']",11,EMP-10164,2026-01-09,2026-01-09
EMP-10071,Operations,L5,Казань,Полная занятость,1.0,5.6,2.1,3.08,4.18,562413,0.1,0.224,['Go'],"['Airflow', 'FastAPI', 'TensorFlow', 'Docker']",24,EMP-10014,2020-09-25,2023-08-01
EMP-10072,IT,L4,Казань,Полная занятость,1.0,0.6,0.6,2.59,3.93,227917,0.0,0.269,['Rust'],"['Cloud', 'PostgreSQL', 'React']",23,EMP-10039,2025-09-15,2025-09-15
EMP-10073,IT,L3,Екатеринбург,Контракт,0.5,11.5,0.8,3.62,4.01,131016,0.25,0.149,['Scala'],"['Spark', 'Kubernetes']",20,EMP-10153,2014-10-15,2016-04-15
EMP-10074,HR,L5,СПб,Частичная,0.75,12.7,6.9,2.31,3.86,515784,0.0,0.125,"['Go', 'C#']","['Security', 'PostgreSQL', 'TensorFlow']",24,EMP-10157,2013-08-15,2015-09-12
EMP-10075,Legal,L2,Москва,Контракт,0.5,0.3,0.3,3.55,3.85,91109,0.25,0.172,"['Go', 'SQL', 'JavaScript']","['Data Engineering', 'ML']",17,EMP-10020,2026-01-07,2026-01-07
EMP-10076,IT,L1,Казань,Полная занятость,1.0,3.7,0.9,2.6,4.15,104606,0.2,0.208,"['Go', 'Python', 'Java']","['Security', 'Node.js', 'FastAPI']",30,,2022-08-18,2025-08-15
EMP-10077,IT,L3,СПб,Контракт,0.5,0.4,0.3,3.82,3.11,112607,0.15,0.163,"['Scala', 'Java']","['React', 'ML']",24,EMP-10037,2025-11-18,2025-11-18
EMP-10078,IT,L1,СПб,Частичная,0.75,1.7,1.3,2.76,4.13,77251,0.15,0.164,"['Rust', 'Go']","['Node.js', 'Kubernetes']",27,,2024-07-29,2025-12-12
EMP-10079,Marketing,L4,Казань,Полная занятость,1.0,2.9,0.0,3.69,3.52,301250,0.1,0.145,"['C#', 'TypeScript', 'Go']","['DevOps', 'Cloud']",20,EMP-10173,2023-06-14,2024-01-16
EMP-10080,Operations,L2,Екатеринбург,Полная занятость,1.0,0.6,0.2,3.81,3.54,125721,0.2,0.243,['Go'],"['PostgreSQL', 'DevOps', 'Spark', 'ML']",27,EMP-10133,2025-09-04,2025-09-04
EMP-10081,Finance,L4,Удаленно,Полная занятость,1.0,2.1,2.1,4.45,3.63,335948,0.15,0.122,"['Rust', 'SQL', 'R']","['Docker', 'Kubernetes', 'FastAPI']",40,EMP-10172,2024-03-18,2025-05-01
EMP-10082,IT,L4,СПб,Полная занятость,1.0,0.9,0.9,2.84,3.34,323137,0.15,0.293,"['Go', 'C#', 'Python']","['Airflow', 'Cloud', 'Docker']",15,EMP-10083,2025-05-30,2025-05-30
EMP-10083,IT,L2,Казань,Частичная,0.5,15.0,0.1,1.57,3.65,94163,0.2,0.143,"['Rust', 'C#', 'Python']","['Data Engineering', 'dbt', 'Docker', 'PostgreSQL']",25,EMP-10161,2011-04-30,2014-05-08
EMP-10084,Sales,L3,Москва,Полная занятость,1.0,4.6,0.3,2.95,3.53,308533,0.25,0.185,"['Go', 'Rust', 'Scala']","['Cloud', 'DevOps']",21,EMP-10062,2021-09-12,2023-08-01
EMP-10085,Finance,L3,Удаленно,Полная занятость,1.0,1.6,1.6,4.78,4.54,226409,0.1,0.096,"['SQL', 'Java', 'R']","['Airflow', 'Cloud', 'React']",2,EMP-10128,2024-10-05,2025-01-10
EMP-10086,Operations,L4,Удаленно,Полная занятость,1.0,2.0,0.6,3.95,3.71,380155,0.1,0.19,"['Rust', 'R']","['Data Engineering', 'Airflow', 'dbt']",23,EMP-10099,2024-05-06,2025-10-13
EMP-10087,IT,L5,Екатеринбург,Полная занятость,1.0,0.8,0.2,3.65,3.93,338212,0.2,0.217,['Go'],"['Spark', 'FastAPI']",28,EMP-10088,2025-07-06,2025-12-25
EMP-10088,Operations,L1,Екатеринбург,Полная занятость,1.0,15.0,6.7,2.68,4.09,148059,0.2,0.093,['Go'],"['TensorFlow', 'PostgreSQL', 'FastAPI']",19,,2011-04-30,2011-05-02
EMP-10089,Operations,L3,Казань,Полная занятость,1.0,12.3,0.2,4.02,4.02,314989,0.1,0.16,"['Scala', 'R']","['Kubernetes', 'Airflow', 'Docker']",21,EMP-10179,2014-01-24,2015-09-27
EMP-10090,IT,L5,Казань,Полная занятость,1.0,4.1,2.3,2.23,3.27,475595,0.2,0.194,"['TypeScript', 'Rust']","['Node.js', 'Spark']",28,EMP-10099,2022-03-24,2022-08-04
EMP-10091,Legal,L3,СПб,Полная занятость,1.0,1.4,1.4,3.96,4.66,219156,0.0,0.237,['Scala'],"['PostgreSQL', 'Docker']",15,EMP-10113,2024-12-07,2024-12-07
EMP-10092,IT,L3,Казань,Полная занятость,1.0,0.9,0.9,3.16,4.46,174542,0.15,0.14,['JavaScript'],"['Cloud', 'Airflow', 'Spark']",25,EMP-10087,2025-05-15,2025-10-03
EMP-10093,Finance,L2,Казань,Полная занятость,1.0,1.7,1.0,2.32,4.21,142126,0.25,0.158,"['Scala', 'C#']","['Docker', 'React', 'Node.js', 'Airflow']",29,EMP-10010,2024-08-23,2025-12-11
EMP-10094,Finance,L1,СПб,Полная занятость,1.0,2.3,0.6,3.67,4.67,121250,0.0,0.199,"['SQL', 'C#']","['Cloud', 'Spark']",18,,2023-12-29,2024-06-29
EMP-10095,Sales,L4,Удаленно,Контракт,0.5,0.7,0.7,2.94,4.02,153292,0.1,0.298,"['Go', 'TypeScript']","['Docker', 'Kubernetes']",30,EMP-10063,2025-08-14,2025-08-14
EMP-10096,Marketing,L4,Екатеринбург,Полная занятость,1.0,7.5,0.5,1.28,3.22,323821,0.2,0.142,['JavaScript'],"['Cloud', 'PostgreSQL']",31,EMP-10159,2018-10-11,2019-02-18
EMP-10097,Finance,L3,Казань,Контракт,0.5,0.4,0.4,2.14,3.8,86672,0.0,0.228,['Go'],"['Airflow', 'Security', 'React']",22,EMP-10120,2025-12-19,2025-12-19
EMP-10098,Operations,L2,Екатеринбург,Полная занятость,1.0,1.7,1.7,1.65,4.21,129694,0.15,0.232,"['R', 'Go']","['React', 'Kubernetes', 'Node.js']",15,EMP-10117,2024-08-01,2025-08-11
EMP-10099,Operations,L2,СПб,Контракт,0.75,1.5,0.1,4.76,2.8,138256,0.25,0.165,['C#'],"['PostgreSQL', 'Docker']",16,EMP-10076,2024-10-13,2025-11-17
EMP-10100,Legal,L3,Удаленно,Полная занятость,1.0,0.2,0.2,4.49,3.84,188306,0.2,0.176,"['Go', 'Python', 'Scala']","['FastAPI', 'PostgreSQL', 'Node.js']",30,EMP-10074,2026-02-06,2026-02-06
EMP-10101,HR,L5,СПб,Полная занятость,1.0,0.9,0.9,4.03,4.01,483966,0.1,0.202,"['Java', 'Go']","['React', 'Spark']",25,EMP-10161,2025-05-20,2025-08-18
EMP-10102,IT,L1,Москва,Полная занятость,1.0,1.3,0.6,1.46,4.11,112522,0.0,0.376,"['R', 'TypeScript']","['Node.js', 'ML']",24,,2025-01-20,2025-09-21
EMP-10103,Operations,L5,Удаленно,Полная занятость,1.0,5.7,3.1,4.08,3.92,642646,0.15,0.146,['JavaScript'],"['Spark', 'dbt']",18,EMP-10136,2020-08-01,2021-02-15
EMP-10104,Marketing,L5,Удаленно,Частичная,0.75,2.3,1.9,4.59,3.56,395504,0.1,0.159,"['TypeScript', 'SQL']","['Airflow', 'Cloud', 'ML']",37,EMP-10174,2023-12-26,2026-02-25
EMP-10105,Finance,L2,Казань,Контракт,0.75,2.5,1.2,1.91,3.78,112890,0.2,0.211,['Python'],"['Security', 'dbt', 'Cloud']",14,EMP-10095,2023-11-07,2024-01-07
EMP-10106,Finance,L2,Удаленно,Полная занятость,1.0,0.4,0.4,3.58,4.42,112223,0.15,0.158,"['SQL', 'Java', 'Rust']","['DevOps', 'PostgreSQL', 'dbt']",20,EMP-10157,2025-12-11,2026-01-15
EMP-10107,IT,L3,Москва,Полная занятость,1.0,0.8,0.8,3.19,3.58,233945,0.15,0.137,"['Go', 'C#']","['Cloud', 'ML', 'DevOps', 'Spark']",23,EMP-10127,2025-07-24,2025-07-24
EMP-10108,IT,L1,СПб,Частичная,0.5,1.0,1.0,2.94,4.56,60000,0.1,0.227,"['TypeScript', 'Scala']","['Kubernetes', 'PostgreSQL', 'Node.js']",11,,2025-05-09,2025-05-09
EMP-10109,Operations,L4,Москва,Частичная,0.75,2.3,0.9,4.35,3.53,292177,0.1,0.184,"['TypeScript', 'Java']","['Airflow', 'FastAPI']",27,EMP-10093,2024-01-22,2024-10-22
EMP-10110,IT,L1,Удаленно,Полная занятость,1.0,8.1,1.2,3.68,3.92,133393,0.0,0.137,"['Python', 'C#', 'Go']","['Data Engineering', 'Cloud', 'Airflow']",18,,2018-03-15,2019-09-21
EMP-10111,Finance,L1,Екатеринбург,Контракт,0.5,0.3,0.3,3.41,3.32,60000,0.25,0.245,"['JavaScript', 'Java']","['Cloud', 'TensorFlow']",21,,2026-01-03,2026-02-12
EMP-10112,IT,L1,СПб,Частичная,0.5,12.0,0.7,1.34,4.63,75435,0.1,0.206,"['R', 'Python']","['Security', 'TensorFlow']",37,,2014-04-18,2016-06-28
EMP-10113,Legal,L6,Екатеринбург,Полная занятость,1.0,3.2,1.7,2.94,3.33,783029,0.15,0.116,['Python'],"['ML', 'DevOps']",26,EMP-10061,2023-02-05,2025-02-28
EMP-10114,Finance,L1,Москва,Полная занятость,1.0,0.8,0.8,4.38,3.81,104657,0.0,0.234,['C#'],"['dbt', 'Cloud']",35,,2025-07-19,2025-07-19
EMP-10115,Marketing,L4,Удаленно,Полная занятость,1.0,3.7,0.4,4.26,4.58,396548,0.25,0.151,['Scala'],"['Data Engineering', 'PostgreSQL', 'DevOps']",31,EMP-10078,2022-08-02,2023-10-07
EMP-10116,Sales,L2,Москва,Полная занятость,1.0,2.9,2.3,3.69,3.79,199799,0.0,0.152,"['C#', 'SQL']","['Airflow', 'Node.js', 'FastAPI']",25,EMP-10021,2023-05-29,2023-05-29
EMP-10117,Sales,L3,СПб,Полная занятость,1.0,0.7,0.7,3.36,3.47,220507,0.25,0.262,"['R', 'Scala']","['Node.js', 'Docker', 'Kubernetes', 'PostgreSQL']",21,EMP-10076,2025-08-03,2025-08-03
EMP-10118,Sales,L2,Екатеринбург,Полная занятость,1.0,7.3,7.3,4.51,3.12,144785,0.2,0.101,"['Scala', 'Java', 'C#']","['Airflow', 'Data Engineering']",32,EMP-10087,2018-12-31,2019-09-08
EMP-10119,HR,L3,Казань,Полная занятость,1.0,2.3,2.1,2.92,4.46,224567,0.15,0.165,['C#'],"['Docker', 'React', 'Security']",19,EMP-10040,2024-01-10,2024-02-15
EMP-10120,Finance,L1,Казань,Полная занятость,1.0,1.4,1.4,2.34,3.51,84035,0.15,0.176,['C#'],"['Cloud', 'Node.js']",22,,2024-11-23,2024-11-23
EMP-10121,HR,L6,Екатеринбург,Полная занятость,1.0,9.5,2.1,3.72,3.7,879839,0.0,0.191,"['TypeScript', 'SQL', 'C#']","['Docker', 'TensorFlow', 'React', 'Kubernetes']",24,EMP-10074,2016-11-09,2017-09-04
EMP-10122,Finance,L2,Удаленно,Полная занятость,1.0,0.1,0.0,3.99,3.02,140892,0.15,0.202,"['JavaScript', 'Rust', 'Java']","['TensorFlow', 'Cloud']",21,EMP-10143,2026-03-24,2026-03-24
EMP-10123,Sales,L1,Удаленно,Полная занятость,1.0,4.6,1.4,4.01,4.16,114082,0.15,0.162,"['R', 'Scala']","['DevOps', 'PostgreSQL', 'React', 'Node.js']",8,,2021-10-07,2022-08-17
EMP-10124,IT,L2,Удаленно,Полная занятость,1.0,8.3,0.6,1.66,3.75,204774,0.25,0.144,"['TypeScript', 'Python']","['ML', 'TensorFlow', 'FastAPI']",7,EMP-10169,2018-01-14,2018-07-06
EMP-10125,Sales,L5,СПб,Полная занятость,1.0,0.1,0.1,4.4,3.61,454199,0.2,0.168,['Scala'],"['Data Engineering', 'Kubernetes']",23,EMP-10117,2026-03-29,2026-03-29
EMP-10126,Sales,L2,Удаленно,Полная занятость,1.0,0.4,0.3,3.53,4.53,143597,0.25,0.206,"['R', 'SQL']","['FastAPI', 'DevOps', 'ML', 'Spark']",24,EMP-10013,2025-11-23,2026-04-11
EMP-10127,Finance,L3,Удаленно,Полная занятость,1.0,0.6,0.6,3.92,3.91,206774,0.25,0.193,"['R', 'Rust']","['Kubernetes', 'Security', 'Data Engineering']",23,EMP-10030,2025-09-07,2025-09-07
EMP-10128,Sales,L2,Москва,Полная занятость,1.0,1.4,1.4,3.9,3.74,194198,0.0,0.17,"['Rust', 'Scala', 'Go']","['DevOps', 'Data Engineering', 'Kubernetes', 'PostgreSQL']",21,EMP-10002,2024-11-30,2026-01-05
EMP-10129,IT,L1,СПб,Частичная,0.75,3.7,3.5,4.69,4.93,89215,0.1,0.176,"['SQL', 'Python']","['Airflow', 'Node.js', 'Kubernetes']",36,,2022-07-30,2023-04-18
EMP-10130,IT,L2,Екатеринбург,Полная занятость,1.0,4.2,3.2,3.63,3.37,179906,0.0,0.165,"['TypeScript', 'SQL', 'C#']","['TensorFlow', 'Node.js', 'DevOps', 'Kubernetes']",21,EMP-10118,2022-02-26,2022-09-22
EMP-10131,Operations,L6,Удаленно,Полная занятость,1.0,1.9,1.9,2.17,4.55,770443,0.1,0.282,"['C#', 'Go', 'SQL']","['Kubernetes', 'DevOps', 'Docker']",15,EMP-10159,2024-06-05,2026-01-29
EMP-10132,Marketing,L2,Удаленно,Полная занятость,1.0,6.8,3.4,1.75,2.73,219798,0.25,0.154,['C#'],"['PostgreSQL', 'Kubernetes']",19,EMP-10021,2019-06-27,2020-08-26
EMP-10133,Sales,L4,Удаленно,Полная занятость,1.0,6.1,0.2,4.11,4.57,439513,0.0,0.194,['JavaScript'],"['Cloud', 'dbt', 'React']",21,EMP-10136,2020-03-15,2020-08-12
EMP-10134,Marketing,L3,Удаленно,Полная занятость,1.0,1.4,1.4,3.89,4.38,229499,0.1,0.161,"['Java', 'SQL', 'JavaScript']","['Security', 'Data Engineering']",28,EMP-10155,2024-12-10,2025-01-18
EMP-10135,IT,L1,Москва,Полная занятость,1.0,1.3,1.3,3.28,4.13,118685,0.1,0.228,"['Rust', 'R', 'TypeScript']","['TensorFlow', 'React', 'Docker']",24,,2025-01-19,2025-01-19
EMP-10136,Sales,L3,Казань,Полная занятость,1.0,7.0,1.6,3.14,4.29,255366,0.15,0.139,"['R', 'Python']","['Docker', 'dbt', 'Cloud']",23,EMP-10119,2019-04-29,2020-01-16
EMP-10137,Sales,L4,Москва,Полная занятость,1.0,1.2,1.2,2.31,3.89,390180,0.25,0.216,"['SQL', 'Scala']","['Kubernetes', 'Airflow']",10,EMP-10142,2025-02-28,2025-05-04
EMP-10138,Legal,L4,Москва,Полная занятость,1.0,0.2,0.2,2.76,3.84,330514,0.0,0.218,"['Java', 'TypeScript', 'Rust']","['dbt', 'ML', 'DevOps', 'Airflow']",28,EMP-10088,2026-02-22,2026-02-22
EMP-10139,Legal,L1,Москва,Полная занятость,1.0,8.4,2.2,2.75,3.54,154900,0.2,0.126,['Java'],"['Node.js', 'Airflow']",35,,2017-11-29,2020-07-23
EMP-10140,Marketing,L3,Екатеринбург,Полная занятость,1.0,3.5,1.8,4.76,5.0,221992,0.25,0.148,"['C#', 'R']","['Spark', 'Docker', 'React']",28,EMP-10014,2022-10-30,2024-08-24
EMP-10141,HR,L3,Удаленно,Полная занятость,1.0,0.3,0.3,3.02,3.13,176826,0.25,0.225,['C#'],"['Security', 'FastAPI', 'Node.js', 'React']",20,EMP-10039,2026-01-23,2026-01-23
EMP-10142,Sales,L1,Екатеринбург,Полная занятость,1.0,0.0,0.0,4.0,2.87,69029,0.15,0.222,"['C#', 'JavaScript']","['PostgreSQL', 'Node.js', 'Cloud']",17,,2026-04-17,2026-04-17
EMP-10143,Marketing,L1,Удаленно,Частичная,0.5,1.5,1.4,4.1,3.07,60000,0.1,0.281,"['C#', 'Scala', 'TypeScript']","['DevOps', 'Docker', 'Security', 'ML']",29,,2024-11-02,2024-11-02
EMP-10144,Sales,L5,Казань,Полная занятость,1.0,6.0,0.0,1.83,4.39,416234,0.0,0.144,['SQL'],"['Security', 'TensorFlow']",27,EMP-10130,2020-04-18,2021-10-23
EMP-10145,HR,L1,Екатеринбург,Полная занятость,1.0,0.3,0.3,4.22,4.68,76527,0.25,0.219,"['JavaScript', 'C#']","['ML', 'FastAPI', 'TensorFlow', 'Node.js']",28,,2026-01-10,2026-01-10
EMP-10146,HR,L1,СПб,Полная занятость,1.0,0.0,0.0,3.46,3.95,94948,0.2,0.145,['TypeScript'],"['React', 'Node.js', 'Data Engineering']",27,,2026-04-11,2026-04-11
EMP-10147,Finance,L3,Казань,Полная занятость,1.0,3.9,0.6,2.91,3.76,217202,0.15,0.104,['Rust'],"['FastAPI', 'TensorFlow', 'Data Engineering']",30,EMP-10174,2022-05-30,2022-12-16
EMP-10148,Operations,L4,Казань,Полная занятость,1.0,1.6,0.4,4.17,4.33,281232,0.25,0.149,"['Scala', 'R']","['Kubernetes', 'ML', 'Data Engineering']",23,EMP-10036,2024-09-04,2025-07-09
EMP-10149,Operations,L2,Москва,Полная занятость,1.0,4.0,1.9,2.91,4.05,195818,0.1,0.153,"['SQL', 'Scala']","['TensorFlow', 'Cloud', 'Security', 'FastAPI']",29,EMP-10070,2022-05-13,2023-01-16
EMP-10150,Sales,L1,Екатеринбург,Полная занятость,1.0,4.9,1.2,2.56,3.72,87095,0.0,0.112,"['Java', 'Rust']","['FastAPI', 'Docker']",20,,2021-05-19,2021-11-21
EMP-10151,Sales,L3,Казань,Полная занятость,1.0,5.0,3.6,3.34,3.56,219182,0.15,0.119,['SQL'],"['Docker', 'Data Engineering', 'DevOps']",19,EMP-10026,2021-04-19,2022-03-02
EMP-10152,Operations,L3,Удаленно,Частичная,0.5,2.3,1.0,1.7,4.98,112228,0.2,0.166,['Rust'],"['Node.js', 'TensorFlow', 'ML']",24,EMP-10115,2023-12-21,2023-12-21
EMP-10153,Finance,L5,Москва,Полная занятость,1.0,0.5,0.5,3.94,3.7,452395,0.25,0.211,['Scala'],"['Node.js', 'PostgreSQL']",20,EMP-10109,2025-10-30,2026-01-10
EMP-10154,IT,L2,Удаленно,Полная занятость,1.0,5.0,1.0,1.92,4.02,186616,0.25,0.212,['Java'],"['Kubernetes', 'React']",31,EMP-10118,2021-04-20,2022-05-16
EMP-10155,IT,L5,Казань,Полная занятость,1.0,0.2,0.2,2.72,4.01,351026,0.15,0.322,['Scala'],"['PostgreSQL', 'Data Engineering', 'Node.js', 'ML']",22,EMP-10110,2026-02-03,2026-02-03
EMP-10156,IT,L2,Удаленно,Полная занятость,1.0,5.7,0.7,2.06,4.18,205722,0.25,0.173,"['SQL', 'Scala']","['Docker', 'Cloud']",19,EMP-10140,2020-08-11,2020-12-18
EMP-10157,Marketing,L4,Екатеринбург,Полная занятость,1.0,6.5,1.9,4.22,3.49,321909,0.0,0.136,"['Python', 'C#']","['Docker', 'Security', 'Node.js']",32,EMP-10092,2019-10-11,2019-11-30
EMP-10158,HR,L2,Удаленно,Полная занятость,1.0,0.3,0.3,4.83,3.48,132503,0.1,0.25,"['SQL', 'TypeScript', 'JavaScript']","['DevOps', 'Docker', 'dbt', 'TensorFlow']",29,EMP-10200,2026-01-14,2026-01-14
EMP-10159,Finance,L3,Казань,Полная занятость,1.0,0.9,0.9,2.79,3.18,198328,0.1,0.242,['Rust'],"['DevOps', 'Security']",17,EMP-10012,2025-06-03,2025-06-03
EMP-10160,HR,L4,Москва,Полная занятость,1.0,1.0,1.0,2.7,5.0,385050,0.1,0.202,"['C#', 'Scala']","['Airflow', 'Security', 'DevOps', 'React']",23,EMP-10074,2025-05-08,2025-05-08
EMP-10161,Sales,L1,Москва,Частичная,0.75,4.8,0.8,3.01,3.99,113077,0.2,0.121,"['TypeScript', 'C#']","['FastAPI', 'Kubernetes']",18,,2021-06-27,2021-06-27
EMP-10162,Operations,L2,Казань,Полная занятость,1.0,5.4,4.4,2.71,3.84,190550,0.15,0.157,['Rust'],"['Docker', 'Spark', 'dbt']",22,EMP-10022,2020-11-16,2021-09-23
EMP-10163,Finance,L3,Москва,Полная занятость,1.0,11.8,2.9,3.47,3.73,368524,0.15,0.191,['Go'],"['Docker', 'Cloud', 'TensorFlow', 'FastAPI']",5,EMP-10079,2014-06-27,2018-12-31
EMP-10164,Sales,L3,Казань,Полная занятость,1.0,0.8,0.8,3.91,4.7,189089,0.25,0.203,"['Rust', 'Python']","['Node.js', 'TensorFlow', 'Docker']",22,EMP-10112,2025-07-01,2026-03-10
EMP-10165,IT,L3,Москва,Полная занятость,1.0,3.3,0.7,4.41,4.52,288143,0.2,0.19,"['TypeScript', 'Scala', 'JavaScript']","['DevOps', 'ML', 'PostgreSQL']",10,EMP-10009,2023-01-17,2023-04-07
EMP-10166,IT,L4,СПб,Частичная,0.75,0.1,0.1,3.76,3.35,179096,0.2,0.252,"['R', 'Python']","['PostgreSQL', 'ML', 'React']",25,EMP-10095,2026-04-08,2026-04-08
EMP-10167,Sales,L3,Москва,Полная занятость,1.0,4.0,0.7,3.04,3.91,316236,0.1,0.167,"['C#', 'TypeScript', 'Go']","['Data Engineering', 'Cloud', 'DevOps']",22,EMP-10128,2022-05-12,2024-08-03
EMP-10168,Marketing,L3,Екатеринбург,Полная занятость,1.0,1.5,0.9,2.7,3.93,198849,0.1,0.253,"['Rust', 'Java']","['PostgreSQL', 'Security', 'Node.js', 'Airflow']",19,EMP-10032,2024-10-27,2024-10-27
EMP-10169,IT,L2,Москва,Полная занятость,1.0,1.0,1.0,3.32,4.03,164680,0.25,0.225,"['SQL', 'TypeScript', 'Scala']","['Node.js', 'Cloud', 'dbt']",19,EMP-10075,2025-04-30,2025-04-30
EMP-10170,Operations,L4,СПб,Полная занятость,1.0,3.0,0.3,1.56,3.34,392457,0.1,0.219,"['JavaScript', 'TypeScript', 'Java']","['Cloud', 'Data Engineering', 'Spark', 'ML']",20,EMP-10127,2023-04-19,2025-10-17
EMP-10171,IT,L1,Екатеринбург,Полная занятость,1.0,0.6,0.0,4.83,4.0,75701,0.2,0.192,"['JavaScript', 'SQL']","['Cloud', 'Security', 'Kubernetes', 'Node.js']",29,,2025-10-05,2025-10-05
EMP-10172,Marketing,L3,Казань,Частичная,0.5,0.2,0.2,2.05,4.22,86679,0.25,0.231,['SQL'],"['Airflow', 'FastAPI', 'React']",14,EMP-10089,2026-02-28,2026-02-28
EMP-10173,IT,L3,Екатеринбург,Полная занятость,1.0,13.9,0.4,3.2,3.91,242939,0.0,0.173,['C#'],"['dbt', 'TensorFlow']",31,EMP-10032,2012-06-03,2014-10-12
EMP-10174,Marketing,L2,Удаленно,Полная занятость,1.0,2.9,2.9,4.77,4.23,192617,0.1,0.162,"['Java', 'TypeScript']","['dbt', 'Security', 'Cloud', 'TensorFlow']",14,EMP-10163,2023-05-29,2024-06-10
EMP-10175,Legal,L3,Удаленно,Полная занятость,1.0,0.4,0.4,3.77,4.63,207800,0.25,0.228,"['Scala', 'SQL']","['dbt', 'React', 'ML', 'PostgreSQL']",37,EMP-10040,2025-11-16,2025-11-16
EMP-10176,IT,L2,Екатеринбург,Полная занятость,1.0,2.9,0.9,2.98,3.38,147040,0.25,0.177,"['R', 'Python', 'Scala']","['Cloud', 'DevOps', 'React']",25,EMP-10068,2023-06-01,2025-01-06
EMP-10177,Finance,L4,Екатеринбург,Полная занятость,1.0,1.2,0.9,2.52,3.1,235401,0.2,0.249,"['Rust', 'Scala', 'Go']","['React', 'Security']",21,EMP-10063,2025-02-26,2025-02-26
EMP-10178,HR,L2,Казань,Полная занятость,1.0,0.3,0.1,2.58,3.31,122307,0.2,0.191,['Python'],"['ML', 'Airflow', 'Kubernetes', 'TensorFlow']",25,EMP-10053,2026-01-22,2026-01-22
EMP-10179,Sales,L1,СПб,Полная занятость,1.0,0.5,0.5,2.62,3.92,86653,0.25,0.193,"['TypeScript', 'C#', 'JavaScript']","['Spark', 'Docker', 'dbt']",25,,2025-11-03,2025-11-03
EMP-10180,IT,L4,СПб,Полная занятость,1.0,1.9,0.7,4.29,4.15,312033,0.2,0.195,"['Java', 'JavaScript']","['Cloud', 'DevOps', 'Security']",33,EMP-10158,2024-05-25,2024-12-26
EMP-10181,Sales,L2,СПб,Частичная,0.75,5.3,1.8,3.17,3.07,161716,0.2,0.259,['Rust'],"['dbt', 'Airflow']",3,EMP-10079,2021-01-05,2025-07-28
EMP-10182,Marketing,L5,Москва,Контракт,0.75,6.2,2.4,3.37,4.17,542197,0.0,0.153,['R'],"['Docker', 'DevOps']",20,EMP-10073,2020-03-03,2022-01-17
EMP-10183,Marketing,L6,Казань,Полная занятость,1.0,6.8,2.4,2.39,4.27,719521,0.15,0.192,['C#'],"['ML', 'Security']",24,EMP-10196,2019-07-12,2021-06-21
EMP-10184,Sales,L2,Москва,Полная занятость,1.0,4.3,3.4,3.76,3.54,221732,0.25,0.15,"['Java', 'TypeScript', 'Go']","['Cloud', 'Kubernetes', 'dbt', 'Airflow']",22,EMP-10072,2022-01-19,2023-03-27
EMP-10185,HR,L5,Екатеринбург,Полная занятость,1.0,0.6,0.6,2.35,4.24,416137,0.15,0.286,['SQL'],"['Kubernetes', 'Docker']",6,EMP-10143,2025-09-20,2026-03-26
EMP-10186,Operations,L2,СПб,Полная занятость,1.0,3.4,0.8,3.1,2.96,191933,0.15,0.161,"['Scala', 'Python', 'R']","['DevOps', 'ML', 'Node.js']",26,EMP-10122,2022-12-03,2024-11-24
EMP-10187,Marketing,L3,СПб,Полная занятость,1.0,0.8,0.8,4.66,3.37,225218,0.15,0.17,"['TypeScript', 'R', 'JavaScript']","['Kubernetes', 'PostgreSQL']",43,EMP-10152,2025-07-17,2025-07-17
EMP-10188,Sales,L4,Екатеринбург,Полная занятость,1.0,1.9,0.9,3.06,3.1,253512,0.2,0.193,"['Go', 'Rust', 'Python']","['Docker', 'FastAPI', 'React', 'Cloud']",13,EMP-10150,2024-05-25,2025-02-26
EMP-10189,Sales,L1,Москва,Полная занятость,1.0,3.2,2.0,2.89,3.27,143414,0.1,0.121,"['R', 'Java']","['Node.js', 'DevOps', 'PostgreSQL', 'Airflow']",17,,2023-02-14,2024-09-08
EMP-10190,Marketing,L3,Екатеринбург,Частичная,0.75,4.2,2.3,4.76,4.18,174180,0.1,0.14,['Java'],"['DevOps', 'PostgreSQL', 'Node.js', 'Cloud']",22,EMP-10005,2022-02-04,2022-11-18
EMP-10191,Sales,L4,Казань,Полная занятость,1.0,8.6,1.1,2.02,4.66,335410,0.0,0.183,"['C#', 'Scala', 'Rust']","['TensorFlow', 'FastAPI']",15,EMP-10181,2017-09-18,2018-02-28
EMP-10192,IT,L1,СПб,Полная занятость,1.0,1.0,0.5,3.88,3.51,107925,0.15,0.3,"['Scala', 'C#', 'TypeScript']","['ML', 'Airflow', 'dbt']",19,,2025-04-27,2025-10-16
EMP-10193,Marketing,L3,Удаленно,Полная занятость,1.0,4.8,2.7,3.01,3.78,281737,0.1,0.111,['Go'],"['dbt', 'Security']",25,EMP-10077,2021-07-26,2022-09-02
EMP-10194,HR,L3,СПб,Полная занятость,1.0,3.5,0.6,4.43,3.6,272706,0.15,0.193,"['Rust', 'TypeScript']","['dbt', 'Spark', 'Node.js']",18,EMP-10074,2022-11-02,2024-09-01
EMP-10195,IT,L1,Екатеринбург,Полная занятость,1.0,2.4,2.4,1.95,3.75,95131,0.0,0.146,"['JavaScript', 'Go']","['DevOps', 'Security', 'Node.js']",28,,2023-12-16,2024-02-14
EMP-10196,Sales,L1,Казань,Полная занятость,1.0,1.2,0.7,4.01,4.17,86235,0.15,0.241,"['Java', 'R', 'Go']","['FastAPI', 'dbt', 'Node.js']",31,,2025-02-14,2025-07-21
EMP-10197,IT,L2,Екатеринбург,Полная занятость,1.0,2.5,2.5,4.14,4.1,154032,0.1,0.16,['Python'],"['React', 'dbt']",23,EMP-10164,2023-11-09,2023-11-09
EMP-10198,IT,L2,Москва,Полная занятость,1.0,3.9,0.4,3.45,4.44,193952,0.2,0.198,"['SQL', 'JavaScript', 'Python']","['dbt', 'ML', 'Kubernetes']",14,EMP-10123,2022-05-27,2024-03-05
EMP-10199,Finance,L2,Удаленно,Полная занятость,1.0,7.8,0.6,3.62,3.14,219423,0.2,0.136,"['SQL', 'Java', 'Python']","['FastAPI', 'ML']",31,EMP-10046,2018-07-28,2019-03-24
EMP-10200,Operations,L3,Москва,Контракт,0.75,4.2,2.4,4.38,3.95,219831,0.25,0.131,"['Go', 'Python']","['DevOps', 'Security']",13,EMP-10155,2022-02-24,2022-06-07
